{"cameraMode":{"drawMode":0,"name":"Shaded","section":"Shading Mode"},"sceneLighting":false,"audioPlay":false,"sceneViewState":{"showFog":true,"showMaterialUpdate":false,"showSkybox":true,"showFlares":true,"showImageEffects":true,"showParticleSystems":true},"in2DMode":false,"pivot":{"x":25.730213165283204,"y":-2.461595058441162,"z":-9.895547866821289},"rotation":{"x":-0.2199402153491974,"y":-0.5236420035362244,"z":-0.14152361452579499,"w":0.8108725547790527},"size":7.599998474121094,"orthographic":false}