{"cameraMode":{"drawMode":0,"name":"Shaded","section":"Shading Mode"},"sceneLighting":true,"audioPlay":false,"sceneViewState":{"showFog":true,"showMaterialUpdate":false,"showSkybox":true,"showFlares":true,"showImageEffects":true,"showParticleSystems":true},"in2DMode":false,"pivot":{"x":4.016186714172363,"y":34.03321075439453,"z":14.752870559692383},"rotation":{"x":-0.27402880787849429,"y":0.12934382259845735,"z":0.03720239922404289,"w":0.9522701501846314},"size":14.150971412658692,"orthographic":false}