{"cameraMode":{"drawMode":0,"name":"Shaded","section":"Shading Mode"},"sceneLighting":false,"audioPlay":false,"sceneViewState":{"showFog":true,"showMaterialUpdate":false,"showSkybox":true,"showFlares":true,"showImageEffects":true,"showParticleSystems":true},"in2DMode":false,"pivot":{"x":2.4699602127075197,"y":29.221904754638673,"z":18.407434463500978},"rotation":{"x":0.08570130914449692,"y":-0.07683481276035309,"z":-0.007165838032960892,"w":-0.9933843016624451},"size":7.599998474121094,"orthographic":false}